영어 콜로케이션 사전 ,9788927761457 ,2019-06-25
(셀프트래블) 파리 ,9791186517642 ,2019-06-24
버드나무 ,9788964811801 ,2019-06-24
(프렌즈) 파리 ,9788927809470 ,2019-06-19
역사 멘토 최태성의 한국사,9791159253379 ,2019-06-19
(역사 멘토 최태성의) 한국사 ,9791159253294 ,2019-06-19
도티&잠뜰 TV ,9791164126125 ,2019-06-19
천년의 질문 ,9788965746829 ,2019-06-19
천년의 질문 ,9788965746843 ,2019-06-19
천년의 질문 ,9788965746836 ,2019-06-19
당신은 존재감 있는 사람입니까? ,9788970656892 ,2019-06-19
화난 마음 안아주기 ,9788950980818 ,2019-06-19
세계에서 가장 자극적인 나라 ,9788952240491 ,2019-06-18
미래 과학의 세계로 떠나 보자 ,9788959190867 ,2019-06-18
밤의 언어 ,9791187295303 ,2019-06-18
대변동 ,9788934995791 ,2019-06-18
유품정리사 ,9791160402544 ,2019-06-18
하나님의 경영 ,9788960975866 ,2019-06-18
(2019) 해커스경찰 갓대환 핵심 형사소송법 ,9791162669099 ,2019-06-18
자율 주행 자동차 만들기 ,9791161752518 ,2019-06-18
디어 에번 핸슨 ,9788972759881 ,2019-06-18
(우리도 몰랐던) 한국사 비밀 37 ,9788967994730 ,2019-06-18
감평 행정법 ,9791161513898 ,2019-06-18
다이어트 말고 직관적 식사 ,9791188225057 ,2019-06-18
(2019 장정훈) 경찰학개론 ,9791163480075 ,2019-06-18
NLP ,9788956374543 ,2019-06-18
미술관이 살아있다 ,9788993524536 ,2019-06-18
모든 것 ,9791157410996 ,2019-06-18
미술관이 살아있다 ,9791156400264 ,2019-06-18
미술관이 살아있다 ,9791156400110 ,2019-06-18
너 ,9791157411498 ,2019-06-18
(생태 돋보기로 다시 읽는) 안데르센 동화 ,9791186197844 ,2019-06-18
미술관이 살아있다 ,9791156400332 ,2019-06-18
미술관이 살아있다 ,9788993524581 ,2019-06-18
미술관이 살아있다 ,9791156400202 ,2019-06-18
미술관이 살아있다 ,9788993524369 ,2019-06-18
"한 달에 한 번은, 나를 위한 파인다이닝 ",9791158160906 ,2019-06-17
(맛있는) 계란 요리 ,9788972215882 ,2019-06-17
"이기는 스포츠, 수학·과학으로 답을 찾아라! ",9788954439305 ,2019-06-17
판타스틱 우울백서 ,9791196295547 ,2019-06-17
시계열 데이터베이스를 활용한 IoT 데이터 처리의 모든 것 ,9791162996669 ,2019-06-17
그리스는 교열 중 ,9788960905818 ,2019-06-17
(심정섭의 대한민국) 학군지도 ,9791186647288 ,2019-06-17
(대한민국 근대화 대통령) 박정희 혁명 ,9788991622685 ,2019-06-17
(대한민국 근대화 대통령) 박정희 혁명 ,9788991622678 ,2019-06-17
착한 고백 ,9788928098293 ,2019-06-17
행여혼신 ,9791195963720 ,2019-06-17
"무수리 문복자, 후궁 되다 ",9791196679309 ,2019-06-17
(누구나 1년만에 원어민을 만들어 버리는 샤론쌤의) 발음이 궁금해 ,9791196685508 ,2019-06-17
(약 짓는 오빠들이 들려주는) 알쓸신약 ,9791125458692 ,2019-06-17
스스로 공부하는 아이의 부모는 무엇이 달랐을까? ,9791189151058 ,2019-06-17
혼자 공부하지 못하는 아이들 ,9791187509424 ,2019-06-17
하루 한 끼 채식 ,9791186925805 ,2019-06-17
"(헛돈 쓰지 않고, 꿈꾸던 대로) 전원주택 짓고 즐기며 삽니다 ",9791188700424 ,2019-06-17
엘리트 독식 사회 ,9791185585710 ,2019-06-17
부유한 자본주의 가난한 사회주의 ,9791189325053 ,2019-06-17
(고 박사와 이 기자의) 자유우파 필승 대전략 ,9791187453239 ,2019-06-17
곰 아저씨의 선물 ,9788911126026 ,2019-06-17
(찰리 9세와) 미스터리 사건 탐험대,9788927747192 ,2019-06-17
부동산으로 이룬 자유의 꿈 ,9791155424407 ,2019-06-17
중학교 국어공부법 ,9791186765258 ,2019-06-17
한젬마의 아트 콜라보 수업 ,9791162540862 ,2019-06-17
우리 아이도 미국유학 갈 수 있을까? ,9791188331659 ,2019-06-17
아무것도 사라지지 않는다 ,9791188522422 ,2019-06-17
소프트 밸류 ,9791189199869 ,2019-06-17
(실전에서 바로 써먹는 사례로 가득한) 말투 때문에 말투 덕분에 ,9791189584269 ,2019-06-17
크툴루 컨피덴셜 ,9788988060513 ,2019-06-17
의좋은 형제 ,9791188283927 ,2019-06-17
녹두영감과 토끼 ,9788998751388 ,2019-06-17
나는 애벌레랑 잤습니다 ,9788983897886 ,2019-06-17
"무수리 문복자, 후궁 되다 ",9791196679330 ,2019-06-17
"무수리 문복자, 후궁 되다 ",9791196679323 ,2019-06-17
차 도구의 예술 ,9788997053438 ,2019-06-17
중국에 차 마시러 가자 ,9791186972366 ,2019-06-17
강박의 연애 ,9788928090938 ,2019-06-17
문화코드로 읽는 지구 ,9788959065165 ,2019-06-17
남들은 모르는 미술 전공 이론,9788940805817 ,2019-06-17
(2019) 부동산학원론 기본강의 ,9788997859870 ,2019-06-17
35년 ,9791189426422 ,2019-06-17
엄마 공부가 끝나면 아이 공부는 시작된다 ,9788947544795 ,2019-06-17
(드래곤빌리지 학습도감) 무림맹수 ,9791186213520 ,2019-06-13
한낮에 뜬 달 ,9788959193066 ,2019-06-13
보잘것없어도 추억이니까 ,9791161655413 ,2019-06-13
뼈뼈 사우루스,9791164130252 ,2019-06-13
암호 클럽,9791187777830 ,2019-06-13
(만화로 배우는) 세계 4대문명 ,9788935910199 ,2019-06-13
배고픈 애벌레 ,9788959514083 ,2019-06-13
제주에서 보물찾기,9791164131549 ,2019-06-13
(Go go) 카카오 프렌즈 ,9788950981150 ,2019-06-13
1Q84 ,9788954656139 ,2019-06-13
(The) last girl ,9791189799083 ,2019-06-13
아들의 밤 ,9791196612429 ,2019-06-13
토익 900점에 꼭 필요한 필수 영단어·표현 9000 ,9791162723630 ,2019-06-13
(코믹 메이플스토리) 수학도둑 ,9791164380879 ,2019-06-13
마법천자문 ,9788950980801 ,2019-06-13
하이에나 패밀리,9788952784971 ,2019-06-13
도티&잠뜰 안드로이드 로봇이 된 도티 ,9791133447282 ,2019-06-13
"엄마, 수학에 생각을 더하다 ",9788928637942 ,2019-06-13
오늘도 배부른 다이어트 ,9791159000522 ,2019-06-13
현금의 재발견 ,9791196339098 ,2019-06-13
시간은 흐르지 않는다 ,9788965708063 ,2019-06-13
사업을 한다는 것 ,9791196621957 ,2019-06-13
프린스 오브 다크니스 ,9788994027883 ,2019-06-13
손에 잡히는 파이썬 ,9791186697573 ,2019-06-13
미적분학 기초 ,9791159711251 ,2019-06-13
모두의 제주 ,9791190061025 ,2019-06-13
(고양이도 할 수 있는) Vue.js ,9791188621545 ,2019-06-13
아베는 누구인가 ,9788971998243 ,2019-06-13
몸이 되살아나는 장 습관 ,9791155429747 ,2019-06-13
"매혹의 땅, 코카서스 ",9791195871216 ,2019-06-13
괴제 나폴레옹 3세 ,9788967356125 ,2019-06-13
월급쟁이 재테크 상식사전 ,9791160508079 ,2019-06-13
몸의 철학 ,9788978785488 ,2019-06-13
누구나 다 아는 일본 이야기 ,9791163561484 ,2019-06-13
일기 여행 ,9788965455998 ,2019-06-13
쌍갑포차,9791196204983 ,2019-06-13
쌍갑포차,9791196204976 ,2019-06-13
쌍갑포차,9791196204969 ,2019-06-13
쌍갑포차,9791196204945 ,2019-06-13
쌍갑포차,9791196204914 ,2019-06-13
쌍갑포차,9791196204938 ,2019-06-13
사람의 자리 ,9788993166897 ,2019-06-13
나쁜 감정을 삶의 무기로 바꾸는 기술 ,9788901231136 ,2019-06-13
하이생소묵 ,9788932319841 ,2019-06-13
참는 게 죽기보다 싫을 때 읽는 책 ,9788946421004 ,2019-06-13
쌍갑포차,9791196204921 ,2019-06-13
권혁재의 핸드폰 사진관 ,9788962622744 ,2019-06-13
60일의 지구 여행 ,9791157746330 ,2019-06-13
사막을 달리는 간호사 ,9791157468768 ,2019-06-13
민법총칙 ,9788918091822 ,2019-06-13
저승에서 돌아온 남자 ,9791189099237 ,2019-06-13
무조건 모르는 척하세요 ,9791189099244 ,2019-06-13
질문 잘하는 유대인 질문 못하는 한국인 ,9788947543255 ,2019-06-12
"다시, 책으로 ",9791190030052 ,2019-06-12
장수 고양이의 비밀 ,9788954656146 ,2019-06-12
이게 경제다 ,9788965708056 ,2019-06-12
엄마 심리 수업 ,9791186757420 ,2019-06-12
미래 과학의 세계로 떠나 보자 ,9788959190386 ,2019-06-12
파리 ,9791160507775 ,2019-06-12
나이 듦의 심리학 ,9791130621913 ,2019-06-12
나이 들수록 인생이 점점 재밌어지네요 ,9788957369470 ,2019-06-12
매혹적인 스토리텔링의 탄생 ,9791190052016 ,2019-06-12
지도에서 사라진 나라들 ,9788974839840 ,2019-06-12
나는 [    ] 배웁니다 ,9791163270119 ,2019-06-12
(그림에 자신 없는 엄마를 위한) 진짜 진짜 쉬운 그림 그리기 ,9791164060351 ,2019-06-12
갈리아 전기 ,9788974833244 ,2019-06-12
미술관이 살아있다 ,9788993524314 ,2019-06-12
생쥐 스탠리를 찾아라! ,9791158731335 ,2019-06-12
화살시편 ,9788932035291 ,2019-06-12
"안녕, 나의 노무현 ",9788965135524 ,2019-06-12
소설 보다 ,9788932035390 ,2019-06-12
내가 나에게 하는 말이 내 삶이 된다 ,9791185392790 ,2019-06-12
나는 그냥 천천히 갈게요 ,9791170262442 ,2019-06-12
이상문학상 대상 작가의 자전적 에세이 ,9788970129488 ,2019-06-12
올해의 미숙 ,9788936458843 ,2019-06-12
도쿄타워 ,9788925566382 ,2019-06-12
"괜찮아, 안 죽어 ",9788950980078 ,2019-06-12
NLP ,9788956374536 ,2019-06-12
35년 ,9791189426415 ,2019-06-12
"미중전쟁의 승자, 누가 세계를 지배할 것인가?",9791164160105 ,2019-06-12
(투에이스의) 부동산 절세의 기술 ,9791187799085 ,2019-06-12
(쪼물딱 루씨랑 만드는) 나만의 손뜨개 가방 ,9791186745298 ,2019-06-12
여름 손뜨개 ,9788997787333 ,2019-06-12
(K-IFRS) 재무회계 ,9788968912689 ,2019-06-12
(블루체크의) 코바늘 손뜨개 수업 ,9788925565958 ,2019-06-12
놀라운 세계 동물 지도책 ,9788927192343 ,2019-06-12
고구마를 심자! ,9788927192305 ,2019-06-12
알알이 톡톡 옥수수 ,9788927192282 ,2019-06-12
"우아, 바나나다! ",9788927192251 ,2019-06-12
"벌레야, 어서 와! ",9788927192190 ,2019-06-12
찾아라! 무당벌레 ,9788927192077 ,2019-06-12
장수풍뎅이 나가신다 ,9788927192114 ,2019-06-12
"꿀벌아, 고마워! ",9788927192060 ,2019-06-12
탱글탱글 토마토 ,9788927192268 ,2019-06-12
매미가 맴맴맴! ,9788927192121 ,2019-06-12
우리는 펭귄 가족 ,9788927192046 ,2019-06-12
"콩 나와라, 콩 ",9788927192299 ,2019-06-12
커다란 수박 ,9788927192237 ,2019-06-12
놀라운 공룡 시대 ,9788927192350 ,2019-06-12
갯벌에는 누가 살까? ,9788927191957 ,2019-06-12
윤희영의 뉴스 잉글리시 ,9788946418134 ,2019-06-12
악어가 나타났다 ,9788927191889 ,2019-06-12
타조는 대단해! ,9788927191995 ,2019-06-12
"문어야, 어디 가? ",9788927191926 ,2019-06-12
새콤달콤 귤 ,9788927192244 ,2019-06-12
개미가 졸졸졸 ,9788927192084 ,2019-06-12
날아라! 잠자리 ,9788927192091 ,2019-06-12
밤하늘에 박쥐 ,9788927192053 ,2019-06-12
부엉부엉 부엉이 ,9788927192008 ,2019-06-12
"숨어라, 게! ",9788927191933 ,2019-06-12
상어를 조심해 ,9788927191919 ,2019-06-12
포스트크리스텐덤 시대의 한국 기독교 ,9791161291109 ,2019-06-12
(가장 친절한 데생) 정물 소묘 ,9788959753857 ,2019-06-11
샌드위치의 기초 ,9791196091965 ,2019-06-11
마음을 다루면 자녀의 미래가 달라진다 ,9788938813947 ,2019-06-11
"(조금은 뾰족하고, 소심하고, 쉽게 상처받지만) 어쩌겠어, 이게 나인 걸! ",9788968331923 ,2019-06-11
"다시, 여행 ",9791196091620 ,2019-06-11
"진이, 지니 ",9791189982140 ,2019-06-11
"아무튼, 술 ",9791188343225 ,2019-06-11
죽고 싶지만 떡볶이는 먹고 싶어 ,9791196394578 ,2019-06-11
그대 곁에 사랑으로 스며들어 ,9791162140970 ,2019-06-11
아이 마음에 상처 주지 않는 습관 ,9791160507973 ,2019-06-11
(30처방으로 보는) 한방병리 ,9788980858057 ,2019-06-11
어른은 어떻게 성장하는가 ,9788960517080 ,2019-06-11
길고 긴 나무의 삶 ,9791188907687 ,2019-06-11
언어의 아이들 ,9791189198626 ,2019-06-11
애쓰지 않아도 괜찮다 ,9788978913164 ,2019-06-11
엔 스페인 ,9791196205522 ,2019-06-10
달빛야사 ,9791132536642 ,2019-06-10
지속가능성을 위한 유아교육 연구 ,9788942611096 ,2019-06-10
브랜드 마케터들의 이야기 ,9791162335802 ,2019-06-10
"독서, 심리학을 만나다 ",9788996640585 ,2019-06-10
하면 좋습니까? ,9791190065542 ,2019-06-10
(진짜 공부 잘하는 아이들의 비밀) 집공부 ,9788993677690 ,2019-06-10
일터의 품격 ,9791157843220 ,2019-06-10
우체통 44번의 봄 ,9788936512804 ,2019-06-10
"RCR Arquitectes, 2012-2017 ",9788488386960 ,2019-06-10
(디지털 일러스트) 구도·포즈 사전 ,9791160073348 ,2019-06-10
일주일 ,9788936434373 ,2019-06-10
"스물 셋, 지금부터 혼자 삽니다 ",9788950981433 ,2019-06-10
"고양이야, 같이 놀자! ",9788927191711 ,2019-06-10
나비가 팔랑 ,9788927191674 ,2019-06-10
(뿌리다와 탕탕의) 어쩌다 중미 ,9791188508075 ,2019-06-10
우리 손으로 우리 집을 지어요 ,9788934983484 ,2019-06-10
사랑 정비중 ,9788925702964 ,2019-06-10
How to heal a broken wing ,9780763698416 ,2019-06-10
One Monday morning ,9780374456481 ,2019-06-10
Nine ducks nine ,9780763612849 ,2019-06-10
전교에서 제일 못된 아이 ,9788962476729 ,2019-06-10
미래가 온다 나노봇 ,9791187513605 ,2019-06-10
나를 도와주는 작은 친구들 ,9788949153407 ,2019-06-10
히로인의 사정 ,9791130007496 ,2019-06-10
입장 정리 ,9791158103743 ,2019-06-10
암호화폐 레볼루션 ,9791162755396 ,2019-06-10
폴라리스 ,9788966478958 ,2019-06-10
Artists' homes ,9780500021323 ,2019-06-10
(A) Garden can be anywhere ,9781419733192 ,2019-06-10
Principles of econometrics ,9780470873724 ,2019-06-10
Raghubir Singh ,9781588396358 ,2019-06-10
Mario Botta architetti ,9781864707366 ,2019-06-10
"Architecture competitions and the production of culture, quality and knowledge ",9780992131708 ,2019-06-10
"Jean Nouvel, 2007/2016 ",9788488386885 ,2019-06-10
"Manuel Cervantes, 2011-2018 ",9788494775413 ,2019-06-10
Go Hasegawa 2005 2017 ,9788488386984 ,2019-06-10
"Tham ＆ Videg?rd, 2005 2017 ",9788488386946 ,2019-06-10
(The) home edit ,9780525572640 ,2019-06-10
Patina living ,9781423650928 ,2019-06-10
(The) well-tended perennial garden ,9781604697070 ,2019-06-10
(존 스토트) 설교의 능력 ,9788944785078 ,2019-06-10
(한 권으로 끝내는) 배당의 정석 ,9791188541126 ,2019-06-10
(코드명) 투어리스트 ,9788938205155 ,2019-06-10
사랑 정비중 ,9788925702988 ,2019-06-10
비창 ,9791155116722 ,2019-06-10
비창 ,9791155116715 ,2019-06-10
글의 품격 ,9791190078009 ,2019-06-10
그래도 우리는 사랑을 한다 ,9791132536963 ,2019-06-10
(Time management & risk management 기반의) project management ,9791160541199 ,2019-06-10
(엄마가 꾸며주는) 캐릭터 식판식 ,9788981656294 ,2019-06-10
"부동산 투자, 인공지능이 답이다 ",9788957751985 ,2019-06-10
주주 ,9788937441295 ,2019-06-10
병에 걸리지 않는 청소법 ,9791161950815 ,2019-06-10
(게임으로 익히는) 코딩 알고리즘 ,9791162241615 ,2019-06-10
다정한 구원 ,9791189280284 ,2019-06-10
고 온 ,9788984373686 ,2019-06-10
고 온 ,9788984373679 ,2019-06-10
부동산 개발사례 분석론 ,9788984658240 ,2019-06-10
존 스토트 설교의 원리와 방법 ,9788984754317 ,2019-06-10
무용수와 몸 ,9788937429514 ,2019-06-10
스몰빅 ,9788901230764 ,2019-06-10
12주제의 클래식 음악 콘서트 ,9788999717970 ,2019-06-10
거미가 줄을 타고 슝 ,9788927191834 ,2019-06-10
딸기가 좋아 ,9788927191681 ,2019-06-10
하마는 물을 좋아해! ,9788927191865 ,2019-06-10
"여우야, 여우야! ",9788927191773 ,2019-06-10
개구리가 폴짝 ,9788927191858 ,2019-06-10
맛있는 채소 놀이 ,9788927191698 ,2019-06-10
하양 까망 판다 ,9788927191780 ,2019-06-10
쭈욱 쭉 달팽이 ,9788927191827 ,2019-06-10
내 이름은 토끼 ,9788927191643 ,2019-06-10
"나야, 나! 멍멍 ",9788927191636 ,2019-06-10
또르르 카멜레온 ,9788927191667 ,2019-06-10
동물 농장 친구들 ,9788927191650 ,2019-06-10
(관계가 풀리는) 태도의 힘 ,9788947544788 ,2019-06-10
런던에서 1년 살아보기 ,9791187694090 ,2019-06-07
(새롭게 풀어 쓴) 명심보감 ,9791195709649 ,2019-06-07
(알아두면 돈 되는) 1인기업 세무과외 ,9791186137710 ,2019-06-07
"사실, 내성적인 사람입니다 ",9788950980771 ,2019-06-07
(실습과 그림으로 배우는) 리눅스 구조 ,9791162241523 ,2019-06-07
낭만비행 ,9791196297411 ,2019-06-07
자동차 박물관 ,9788992963640 ,2019-06-07
아홉 살 첫사랑 ,9788962478723 ,2019-06-07
(I am) 아이엠 이국종 ,9788925566535 ,2019-06-07
생각의 힘을 키우는 철학이야기 ,9788909206907 ,2019-06-07
말이 너무너무너무 많은 아이 ,9791189734121 ,2019-06-07
내 인생이 한 편의 영화라면 ,9791158361198 ,2019-06-07
그것만 있을 리가 없잖아 ,9788934995357 ,2019-06-07
발레리나 토끼 ,9791190077033 ,2019-06-07
젊은 전원주택 트렌드 ,9791164352661 ,2019-06-07
이것이 진짜 역대 정부의 부동산 정책이다 ,9791196188139 ,2019-06-07
아마존 이노베이션 ,9791188314188 ,2019-06-07
젊은작가상 수상작품집 10주년 특별판 ,9788954655835 ,2019-06-07
유사과학 탐구영역,9788964621110 ,2019-06-07
알고리즘이 욕망하는 것들 ,9791162241660 ,2019-06-07
(만화로 배우는) 법정지상권 ,9791189090098 ,2019-06-07
일렉트릭 스테이트 ,9791158885168 ,2019-06-07
(Kotler의) 마케팅 원리 ,9788968669552 ,2019-06-07
(정선) 디가 니까야 ,9788974796693 ,2019-06-07
파이썬 라이브러리를 활용한 데이터 분석 ,9791162241905 ,2019-06-07
역량평가 ,9788997170463 ,2019-06-07
(업그레이드) 중국어 문법 ,9791157201099 ,2019-06-07
공법기록 엑기스 ,9791161801056 ,2019-06-07
(태쏘의) 주식투자 바이블 ,9791195673476 ,2019-06-07
(데이터 분석을 위한) 파이썬 철저 입문 ,9791158391522 ,2019-06-07
아주 작은 방울 ,9791132249931 ,2019-06-07
아주 작은 방울 ,9791132249924 ,2019-06-07
(머릿속이 뻥 뚫리는) 생각 디자인 ,9791188194124 ,2019-06-07
나방 사냥꾼 ,9791187886365 ,2019-06-07
(미네소타주립대학) 불교철학 강의 ,9788974796709 ,2019-06-07
나의 미친 페미니스트 여자친구 ,9791196221676 ,2019-06-07
기억력의 신 ,9791161690810 ,2019-06-07
철도의 세계사 ,9791187677055 ,2019-06-07
원티드 ,9791163160458 ,2019-06-07
시그니처 ,9788956600406 ,2019-06-07
부동산 상식사전 ,9791160507119 ,2019-06-07
(이 책을 읽기 전까지는) 다가구 주택 절대 짓지 마라 ,9791190048064 ,2019-06-07
(2019) 양도소득세 실무 ,9788959427611 ,2019-06-07
세금 재테크 상식사전 ,9791160507720 ,2019-06-07
나의 반려동물도 나처럼 행복할까 ,9788974796648 ,2019-06-07
원티드 ,9791163160441 ,2019-06-07
루이비통도 넷플릭스처럼 ,9788965402428 ,2019-06-07
대한민국에서 부동산으로 큰부자 되는 비밀 ,9791187993612 ,2019-06-07
대소설의 시대 ,9788937442209 ,2019-06-07
대소설의 시대 ,9788937442193 ,2019-06-07
당신도 지금보다 10배 빨리 책을 읽는다 ,9788998625375 ,2019-06-07
(제로니모의) 환상모험,9788962245219 ,2019-06-05
(제로니모의) 환상모험,9788962245240 ,2019-06-05
닮은 듯 다른 교과서 속 우리말 ,9788952781338 ,2019-06-05
(부자 아빠의) 21세기형 비즈니스 ,9788960173507 ,2019-06-05
뼈뼈 사우루스,9791162337301 ,2019-06-05
(지속가능발전 지향) 유아환경교육 ,9788942609567 ,2019-06-05
지구를 벗어나는 13가지 방법 ,9788965483861 ,2019-06-05
피터 틸 ,9791187512417 ,2019-06-05
뼈뼈 사우루스,9791164130757 ,2019-06-05
내 모든 습관은 여행에서 만들어졌다 ,9791190065696 ,2019-06-05
"기운 빼앗는 사람, 내 인생에서 빼버리세요 ",9791189938932 ,2019-06-05
헌터걸,9791160944648 ,2019-06-05
바닷가 작업실에서는 전혀 다른 시간이 흐른다 ,9788950981082 ,2019-06-05
불황이지만 돈을 불리고 있습니다 ,9791155425824 ,2019-06-05
제주에서 보물찾기,9791164130658 ,2019-06-05
조이풀 ,9788947544689 ,2019-06-05
다른 게 아니라 틀린 겁니다 ,9788959406975 ,2019-06-05
운명이다 ,9788971999462 ,2019-06-05
죽기엔 너무 젊고 살기엔 너무 가난하다 ,9791189353131 ,2019-06-05
하버드 1교시 ,9791196165598 ,2019-06-05
공부는 어떻게 내 삶을 바꾸었나 ,9791160050615 ,2019-06-05
전후 유럽 ,9788932919713 ,2019-06-05
소소한 근육과 슬기로운 식사가 필요합니다 ,9791196520106 ,2019-06-05
"(예쁘고, 맛있고, 만들기 쉬운) 화과자 ",9788969523358 ,2019-06-05
시즈카 할머니에게 맡겨 줘 ,9791189571030 ,2019-06-05
나무의 말이 좋아서 ,9788934995944 ,2019-06-05
IT 개발자의 거의 모든 것 ,9788959895847 ,2019-06-05
(700만이 뽑은) 대한민국 대표요리 152 ,9791196437022 ,2019-06-05
365 집밥 ,9791136200495 ,2019-06-05
경찰학개론 ,9791155026830 ,2019-06-05
(만들어두면 일주일이 든든한) 오늘의 밑반찬 ,9791156161608 ,2019-06-05
(700만이 뽑은) 초간단 인생요리 120 ,9791196437015 ,2019-06-05
곁에 두고 보는 옷 만들기 노트 ,9791155361337 ,2019-06-05
선생님께서는 이렇게 설명해주셨어야 했다 ,9788962451597 ,2019-06-05
펭귄과 바닷새들 ,9791188907458 ,2019-06-05
밤의 공항에서 ,9791196679200 ,2019-06-05
"엄마, 왜 드라마보면서 울어? ",9791162142400 ,2019-06-05
엄마는 내 마음도 몰라 ,9788993702118 ,2019-06-04
(허영만의) 3천만원 ,9791189159092 ,2019-06-04
엄마를 찾아 주세요 ,9788952724588 ,2019-06-04
(Kaggle 우승작으로 배우는) 머신러닝 탐구생활 ,9791186697696 ,2019-06-04
트럼프시대 미국 비자 가이드 ,9791196053413 ,2019-06-04
엉덩이탐정 ,9788959762408 ,2019-06-04
"박막례, 이대로 죽을 순 없다 ",9791190065672 ,2019-06-04
체리토마토파이 ,9791189134044 ,2019-06-04
Notion ,9791188621620 ,2019-06-04
월스트리트 퀀트투자의 법칙 ,9791162540824 ,2019-06-04
(혼자서 원서 읽기가 되는) 영어 그림책 공부법 ,9791164050178 ,2019-06-04
하버드 100년 전통 말하기 수업 ,9788972773276 ,2019-06-04
숨 ,9791164050277 ,2019-06-04
사하맨션 ,9788937441257 ,2019-06-04
(명화들이 말해주는) 그림 속 드레스 이야기 ,9791186972458 ,2019-06-04
하나님의 때 ,9788960975835 ,2019-06-04
인류를 구한 12가지 약 이야기 ,9791189653187 ,2019-06-04
나도 피아노 잘 치면 소원이 없겠네 ,9791185933498 ,2019-06-04
노란 주전자 ,9788969021892 ,2019-06-04
왕으로 만나는 위풍당당 영국 역사 ,9788971999103 ,2019-06-04
투자 대가들의 위대한 오답 노트 ,9791188754137 ,2019-06-04
"안녕, 나의 등대 ",9788949113760 ,2019-06-04
나라를 넘긴 을사오적 ,9791128210075 ,2019-06-04
약속을 안 지키면 혼내 줄 거야 ,9791128209819 ,2019-06-04
"해적들아, 꼼짝 마라 ",9791128209826 ,2019-06-04
활 쏘는 임금님 ,9791128209727 ,2019-06-04
망이 망소이의 편지 ,9791128209901 ,2019-06-04
담덕이의 모험 ,9791128209680 ,2019-06-04
육룡과 함께 날아요 ,9791128209949 ,2019-06-04
말을 돌려라 ,9791128209932 ,2019-06-04
나는 정신병에 걸린 뇌 과학자입니다 ,9791156757825 ,2019-06-04
유니티 물리 기반 셰이더 개발 ,9791161752891 ,2019-06-04
ACA ,9788957705681 ,2019-06-04
ACA ,9788957705216 ,2019-06-04
ACA ,9788957705698 ,2019-06-04
어머니의 회초리 ,9788989938798 ,2019-06-04
성경인물 33 스토리 ,9788985738996 ,2019-06-04
"일상의 신학, 전도서 ",9791161291093 ,2019-06-04
희망 대신 욕망 ,9791156757818 ,2019-06-04
카미노 데 쿠바 ,9791155311035 ,2019-06-04
(지루한 관계와 답답한 일상에 찌든 현대인을 위한) 매일 10분 마음수업 ,9791186834930 ,2019-06-04
리얼 트립 제주 ,9791161781358 ,2019-06-04
"버릇처럼, 열두달 여행 ",9788967820541 ,2019-06-04
(대한민국 여행자를 위한) 제주도 여행백서 ,9788998417437 ,2019-06-04
(4주 만에 완성하는) 레깅스핏 스트레칭 ,9791188850549 ,2019-06-04
R 시각화와 통계자료분석,9791158080891 ,2019-06-04
너도 밟아 봐! ,9791157592463 ,2019-06-04
너보다 예쁜 아기는 없을 거야 ,9791157592579 ,2019-06-04
"콜콜, 아기 잠 ",9791157592524 ,2019-06-04
너도 만져 봐! ,9791157592456 ,2019-06-04
우리 아기 눈 코 입 ,9791157592531 ,2019-06-04
뭘 해도 예쁜 우리 아기 ,9791157592548 ,2019-06-04
의상 디자이너 ,9791128806865 ,2019-06-04
엄마가 보고 싶어요 ,9791128210112 ,2019-06-04
제비 바위 선비의 꿈 ,9791128210020 ,2019-06-04
나도 권력을 잡고 싶다고 ,9791128209895 ,2019-06-04
"딱 걸렸어, 거란 ",9791128209871 ,2019-06-04
내 이름은 히라누마가 아니야 ,9791128210105 ,2019-06-04
버선 속에 꼭꼭 숨겨라 ,9791128210099 ,2019-06-04
"왕 중 왕, 왕건 ",9791128209857 ,2019-06-04
영화감독 ,9791128812651 ,2019-06-04
프로덕션 디자이너 ,9791128811463 ,2019-06-04
펜을 놓고 일어서자 ,9791128210082 ,2019-06-04
새야 새야 파랑새야 ,9791128210068 ,2019-06-04
나도 양반이 될 테야 ,9791128210037 ,2019-06-04
오랑캐에게 지고 싶지 않아 ,9791128209994 ,2019-06-04
나 혼자 한 건 아니야 ,9791128209956 ,2019-06-04
노국 공주와 함께라면 ,9791128209925 ,2019-06-04
수염쟁이와 외눈박이 ,9791128209840 ,2019-06-04
한강은 내 거야 ,9791128209789 ,2019-06-04
"여섯 마을들아, 모여라 ",9791128209772 ,2019-06-04
고조선은 어떤 나라였을까? ,9791128209710 ,2019-06-04
에디터 ,9791128810473 ,2019-06-04
책 속에 답이 있어요 ,9791128209970 ,2019-06-04
목판에 기도를 새겨 넣어요 ,9791128209918 ,2019-06-04
나라의 기초를 튼튼히 하자 ,9791128209864 ,2019-06-04
우리는 고구려의 후손 ,9791128209833 ,2019-06-04
철로 만든 금빛 나라 ,9791128209802 ,2019-06-04
이 땅의 끝은 어디일까? ,9791128209758 ,2019-06-04
"거봐, 여기가 낫지? ",9791128209741 ,2019-06-04
뚝딱뚝딱 뭐 하니? ,9791128209703 ,2019-06-04
사람답게 살고 싶어요 ,9791128210044 ,2019-06-04
탕탕평평 나라 만들기 ,9791128210006 ,2019-06-04
벽란도로 오세요 ,9791128209888 ,2019-06-04
시나리오 작가 ,9791128811630 ,2019-06-04
"칙칙폭폭, 앞으로 앞으로 ",9791128210129 ,2019-06-04
안경잡이 임금님 ,9791128210013 ,2019-06-04
남원 이도령 한양에 가요 ,9791128209963 ,2019-06-04
나아감은 있어도 물러섬은 없다 ,9791128209796 ,2019-06-04
맛둥 서방의 두근두근 대작전 ,9791128209765 ,2019-06-04
쪽구들 놓고 장가갈 테야 ,9791128209734 ,2019-06-04
문을 닫아라 ,9791128210051 ,2019-06-04
나의 죽음을 알리지 마라 ,9791128209987 ,2019-06-04
프로듀서 ,9791128811487 ,2019-06-04
가비차의 맛이 어떻습니까? ,9791128209697 ,2019-06-04
언약 ,9788904020690 ,2019-06-04
듣는 독서로 완성하는 아이의 공부 내공 ,9791188700400 ,2019-06-04
ACA ,9788957704868 ,2019-06-04
ACA ,9788957704851 ,2019-06-04
오리진 ,9791162200957 ,2019-06-03
스타트 파이썬 ,9791196440909 ,2019-06-03
크로스 사이언스 ,9788950979416 ,2019-06-03
예수를 만나다 ,9788950974749 ,2019-06-03
일차진료 아카데미 통증매뉴얼 ,9788991294608 ,2019-06-03
옥이샘의 뚝딱 미술 ,9788994655642 ,2019-06-03
퍼스트 러브 ,9788965746775 ,2019-06-03
초전 설득 ,9788950959005 ,2019-06-03
R을 이용한 메타분석 ,9788999707087 ,2019-06-03
(新) 민법강의 ,9791130331133 ,2019-06-03
통장에 월세가 꼬박꼬박 쌓이는 수익형 부동산 ,9791185439020 ,2019-06-03
평범한 29세 직장인은 어떻게 3년 만에 아파트 10채의 주인이 됐을까? ,9791160022094 ,2019-06-03
Real piano,9788996415961 ,2019-06-03
정성하의 L'atelier ,9791186471296 ,2019-06-03
(나심 탈레브) 스킨 인 더 게임 ,9791162540800 ,2019-06-03
불과 피 ,9791189982041 ,2019-06-03
불과 피 ,9791189982034 ,2019-06-03
토익 500점 문과장은 어떻게 영어 달인이 됐을까 ,9791189432829 ,2019-06-03
Vitamin K₂칼슘 파라독스 ,9788991294899 ,2019-06-03
(어차피 살 거라면) 백 살까지 유쾌하게 나이 드는 법 ,9791196509415 ,2019-06-03
주식의 바다에서 서핑하듯 투자하라 ,9791163430148 ,2019-06-03
나는 전문공부방으로 혼자 억대 번다 ,9791188326419 ,2019-06-03
리테일의 미래 ,9791189995034 ,2019-06-03
"아무튼, 요가 ",9791186602461 ,2019-06-03
월급쟁이 부자로 은퇴하라 ,9788925566511 ,2019-06-03
그쪽의 풍경은 환한가 ,9788954656375 ,2019-06-03
우리 한과 먹을래요 ,9788937853418 ,2019-06-03
모른다는 건 멋진 거야 ,9788965134930 ,2019-06-03
(김회권 목사) 청년 설교,9788963602950 ,2019-06-03
나를 데리고 떠났다 ,9791187514237 ,2019-06-03
마음껏 먹어도 날씬한 사람들의 비밀 ,9791189089832 ,2019-06-03
그림책으로 시작하는 마음공부 ,9788997201396 ,2019-06-03
불곰의 왕초보 주식투자 ,9788925566726 ,2019-06-03
하나님의 집에 같이 살기 ,9788934119845 ,2019-06-03
선과 악의 학교 ,9788983927262 ,2019-06-03
선과 악의 학교 ,9788983927279 ,2019-06-03
무지개신학 ,9791196337445 ,2019-06-03
(4차 산업혁명 시대 창의인재를 만드는) 미래의 교육 ,9791163860211 ,2019-06-03
판결의 재구성 ,9788934995517 ,2019-06-03
트렌스젠더와 기독교 신앙 ,9791196337452 ,2019-06-03
적당맘 재능맘 ,9788951119675 ,2019-06-03
(우리가 지금까지 몰랐던) 향신료의 모든 것 ,9791186519257 ,2019-06-03
물성의 원리 ,9788970016924 ,2019-06-03
(The) way,9788993691764 ,2019-06-03
와글와글 독서클럽 ,9791189799038 ,2019-06-03
은행나무의 이사 ,9788984143340 ,2019-06-03
뭔가 특별한 아저씨 ,9791187287902 ,2019-06-03
601호 재판관 ,9791157921386 ,2019-06-03
루저클럽 ,9788901230924 ,2019-06-03
장난감 가게 ,9791157411467 ,2019-06-03
그냥 놀았어 ,9791162100059 ,2019-06-03
헤엄이 ,9788952788726 ,2019-06-03
"파시즘, 스탈린주의, 공동전선 ",9788979661576 ,2019-06-03
하는 일마다 인정받는 사람들의 비밀 ,9791187962168 ,2019-06-03
큐레이팅을 말하다 ,9791155351666 ,2019-06-03
