Minimum_Temperature,Daily_precipitation,Average_wind_speed,month,closed,visitors
-2.6,0,0.5,1,0,2221
-2.1,0,1,1,0,2447
-4.5,0,0.8,1,0,2963
-3,0,0.6,1,0,2653
-2.7,0,1.2,1,0,2627
-1.2,0,0.8,1,0,2646
-3.7,0,0.6,1,0,3346
1.8,0,0.8,1,0,4291
-5,0,1.1,1,1,0
-5,0,1.1,1,0,3121
-9.7,0,1.2,1,0,2563
-6.3,0,0.9,1,0,2374
-9.7,0,1.1,1,0,2141
-8.2,0,1.9,1,0,3012
-13.6,0,0.9,1,0,3710
-12.6,0,0.6,1,0,1960
-11.2,0,0.5,1,0,2687
-7.3,0,0.4,1,0,2392
-7.1,0,0.6,1,0,2444
-9,6.5,1.3,1,0,1578
-12.2,0.5,0.7,1,0,2809
-8.8,0,1.5,1,0,3095
-15,0,0.6,1,1,0
-15,0,0.6,1,0,2947
-14.1,0,0.6,1,0,2394
-12.7,0,0.9,1,0,2234
-10.7,0,0.7,1,1,0
-10.7,0,0.7,1,1,0
-10.7,0,0.7,1,1,0
-10.7,0,0.7,1,1,0
-10.7,0,0.7,1,0,3479
-8.4,0,1,2,0,2551
-10.9,0,0.9,2,0,2295
-5.1,0,0.6,2,0,2128
-5.2,0,0.5,2,0,3664
0.9,0,1,2,0,3770
-5.2,0,1.5,2,0,1609
-6.4,0,0.7,2,0,2194
-6.3,0,1.1,2,0,1875
-5.1,0,2.2,2,0,1852
-7.1,0,2,2,0,1638
-9.9,0,1.3,2,0,2991
-7.3,0,1.1,2,0,4172
-4.4,0,0.9,2,1,0
-4.4,0,0.9,2,0,2703
-7.6,0,0.6,2,0,2162
-6.1,1,1.4,2,0,2440
-2.7,0.5,2.1,2,0,2252
-7.8,0,1.5,2,0,3726
-7.2,7,1.1,2,0,3837
-4.8,14,1.9,2,0,2101
-8.2,0,0.9,2,0,2825
-2,13,0.9,2,0,1927
-3,0,1.8,2,0,2603
-6.8,0,1.2,2,0,2408
-5.2,0,1.1,2,0,3428
-3.2,0,1,2,0,4074
-5.4,0,0.9,2,1,0
-5.4,0,0.9,2,0,2870
-3.3,1,2,3,1,0
-3.3,1,2,3,0,1857
-5.5,0,1,3,0,1714
-3.7,0,0.9,3,0,4204
-2.1,0,1.2,3,0,4302
-3.2,0,2,3,0,1384
-3.9,0,1.9,3,0,1595
-4.9,0,1.8,3,0,1633
-3.5,0,2.5,3,0,1626
-4.9,0,1.1,3,0,1522
-4.8,0,0.9,3,0,3727
-3.1,0,1.1,3,0,4550
-3.1,0,1.3,3,1,0
-3.1,0,1.3,3,0,1956
-4.3,0,1,3,0,1686
-3.7,0,1.2,3,0,1755
-4.3,0,0.9,3,0,1713
0.1,0,0.9,3,0,3762
-2.6,0,1,3,0,4229
-1.1,0,0.9,3,0,1410
1.7,0,1.7,3,0,1766
-2.8,0,0.9,3,0,1515
1.1,0,1,3,0,1701
-1.4,0,0.9,3,0,1677
5.2,0,1.8,3,0,3443
2.1,0,1,3,0,4444
-2.4,0,1.2,3,1,0
-2.4,0,1.2,3,0,1936
2.5,0.5,1.3,3,0,1929
-1.5,0,1,3,0,1678
7.3,1,1.2,3,0,1491
2.2,0,1.2,4,0,3690
-1.2,0,1.3,4,0,4269
-0.8,0,1.6,4,0,1324
1.1,0,1,4,0,1833
8.6,19.5,1,4,0,1516
11.1,19,1.9,4,0,1735
9.9,0,1.4,4,0,1727
7.5,0,1.3,4,0,3505
10.7,0,2.4,4,0,4174
7.4,14,1.7,4,1,0
7.4,14,1.7,4,0,1886
3.3,0,1.8,4,0,1789
1.8,0,2.1,4,0,1562
7,0,2.9,4,0,1563
8.4,0,1.5,4,0,3936
7.5,0,0.8,4,0,4246
11,19.5,1.1,4,0,1376
7.7,1.5,2.1,4,0,1684
5.3,0,1.8,4,0,1674
6.6,1,0.6,4,0,1625
3.9,0,0.9,4,0,1553
6,0,1.1,4,0,3555
3.2,0,1.4,4,0,4266
7.2,0,1.5,4,1,0
7.2,0,1.5,4,0,1889
9.7,0,1.7,4,0,1792
3.3,0,1.7,4,0,1677
3.8,0,2.3,4,0,1532
5.7,0,1.8,4,0,2951
13.7,0,2.9,4,0,3261
10.1,0,1.1,5,0,2023
8.5,0,1.1,5,0,2037
11,0,1,5,1,0
11,0,1,5,0,3051
8.3,0,2.2,5,1,0
8.3,0,2.2,5,0,2477
6.7,0,2.1,5,0,2591
11.5,1.5,1.3,5,1,0
11.5,1.5,1.3,5,1,0
11.5,1.5,1.3,5,0,1877
11.4,0.5,1,5,0,1726
13.4,0,1.2,5,0,1565
11.1,3,1.8,5,0,2996
8.5,0,2.1,5,0,3760
8.6,0,2.2,5,0,1419
9.4,0,1.2,5,0,1654
8,0,1,5,0,1677
8.7,0,1,5,0,1495
9.5,0,1.2,5,0,1656
9.2,0,0.9,5,0,2958
11.4,0,1,5,0,3574
12.2,0,1,5,1,0
12.2,0,1,5,0,1846
14.8,12.5,0.9,5,0,1753
11.2,0,2.1,5,0,1635
8.4,0,1.6,5,0,1634
8.1,0,1.2,5,0,3045
9.8,0,1.8,5,0,3699
14.3,0,1.5,5,0,1467
13.5,0,0.9,5,0,1829
13.8,0,1.1,5,0,1920
16,0,1.9,6,0,1582
10.2,0,1.4,6,0,1845
12.6,0,1.6,6,0,3337
8.8,0,1.3,6,0,3512
10,0,1.1,6,0,2041
15.7,3,1.5,6,1,0
15.7,3,1.5,6,0,1722
15,0,1.4,6,0,1847
13.2,0,2.1,6,0,1786
16.8,0,1.8,6,0,3543
12,0,1,6,0,4253
15.2,0,1.4,6,1,0
15.2,0,1.4,6,0,1998
12.4,0,1.3,6,0,1849
13.3,0,1.7,6,0,1735
15.3,0,1.3,6,0,1826
13.2,0,1.1,6,0,3513
14.1,0,1.3,6,0,4343
15.3,0,1,6,0,1551
16.4,0,0.7,6,0,1794
17.7,0,1.7,6,0,1791
16.5,0,1.1,6,0,2009
16.9,0,1.1,6,0,1817
19.5,6.5,0.9,6,0,3779
17.6,0.5,1.1,6,0,4690
20.2,9,1.2,6,1,0
20.2,9,1.2,6,0,2171
20.7,0.5,1.2,6,0,2015
19.8,0,1.1,6,0,1839
21.6,0,1.1,6,0,1777
22,31.5,0.6,7,0,3901
23.9,6.5,1.4,7,0,4469
23.8,76.5,2.4,7,0,1649
23.7,11.5,1.3,7,0,1925
23.1,0,0.8,7,0,2083
21.9,55,0.9,7,0,1825
22.5,0.5,1.1,7,0,1789
23.1,72.5,0.9,7,0,3185
23,31,0.9,7,0,4786
23.6,2.5,1.9,7,1,0
23.6,2.5,1.9,7,0,2378
23.1,0,1,7,0,2102
21.1,0,0.9,7,0,1788
21.9,0,1.4,7,0,2045
22.9,27,1.1,7,0,3549
24,4.5,1.5,7,0,3723
22.3,16.5,1,7,0,1642
22.3,6,1,7,0,2147
23.6,0,0.7,7,0,2100
23.8,0,0.9,7,0,2229
24.3,0,1.1,7,0,2298
25.5,0,1.1,7,0,4329
25.2,1,1,7,0,4381
23.6,37.5,1.1,7,1,0
23.6,37.5,1.1,7,0,3831
21.3,0,1.6,7,0,3481
20,0,0.7,7,0,3364
23.1,0,1.1,7,0,2953
24.4,0,1.6,7,0,3749
22.2,0,1,7,0,4283
22.7,32,1,7,0,3028
22.5,8.5,0.8,8,0,4049
23.2,0,0.8,8,0,3385
23.2,0,1.7,8,0,3648
22,0,0.9,8,0,3519
24.5,0,1,8,0,4685
25.7,0,0.9,8,0,7268
23.8,0,1,8,0,3338
22.7,0,0.8,8,0,3671
21.9,52.5,1.4,8,0,2895
23.8,5,0.9,8,0,3185
22.4,8,0.7,8,0,2974
21.5,0,0.9,8,0,3925
21.4,1,1.2,8,0,3861
22.9,2,1,8,1,0
22.9,2,1,8,1,0
22.9,2,1,8,0,3486
22.5,0,0.9,8,0,3034
21.1,0,0.7,8,0,2627
20.8,66.5,0.7,8,0,3950
22.1,9,1.1,8,0,4843
22.9,74.5,1.2,8,0,1721
23.5,0.5,0.9,8,0,2301
24.8,17,1.6,8,0,2021
24.4,38.5,2.7,8,0,1834
18.6,0,1,8,0,1929
15.3,0,0.9,8,0,3783
15.1,0,0.7,8,0,4013
17.9,0,1.3,8,1,0
17.9,0,1.3,8,0,2062
6.246181384,0.5,1.190453461,8,0,1941
14.8,0,1,8,0,1787
13.6,0,1.1,9,0,1568
14.2,0,0.8,9,0,3274
13.4,0,0.8,9,0,4041
14,0,0.9,9,0,1497
16.2,0.5,0.5,9,0,1739
18.8,3.5,0.6,9,0,1716
17.6,0,0.6,9,0,1633
16.3,0,0.6,9,0,1751
15,0,0.6,9,0,3354
16.6,0,0.4,9,0,3722
13.9,0,0.9,9,1,0
13.9,0,0.9,9,0,2116
11.5,0,0.7,9,0,1809
11,0,0.9,9,0,1898
14.4,0,2.5,9,0,2687
13.9,0,2.5,9,0,3023
13.9,0,1.5,9,0,3578
13.8,0,0.9,9,0,1545
15.3,0,1.9,9,0,1733
12.1,0,1.2,9,0,1869
9.4,0,0.7,9,0,1668
11.4,0,0.7,9,0,1558
12.6,0,0.6,9,0,3090
16.3,0,0.8,9,0,3711
14.7,0,0.8,9,1,0
14.7,0,0.8,9,0,1905
15.8,26,1.6,9,0,1680
12.9,0,1.3,9,0,1624
7.7,0,0.7,9,0,1760
7.1,0,0.7,9,0,3131
10.8,18.5,0.8,10,0,3303
15.9,0,0.7,10,1,0
15.9,0,0.7,10,1,0
15.9,0,0.7,10,1,0
15.9,0,0.7,10,1,0
15.9,0,0.7,10,1,0
15.9,0,0.7,10,0,4195
14.7,0,0.7,10,0,3253
16,0,0.6,10,1,0
16,0,0.6,10,0,2038
13,6.5,1,10,0,1577
7.8,0.5,0.7,10,0,1621
3.4,0,0.8,10,0,1698
5.6,0,1.2,10,0,3347
6.6,0,1.3,10,0,3560
9,0,1.2,10,0,2602
5.9,0,0.8,10,0,1610
10.7,0,1.6,10,0,1701
8.2,0,0.8,10,0,1712
7.4,0,0.7,10,0,1866
6.3,0,0.9,10,0,2776
4.9,0,2.3,10,0,3157
3.7,0,0.6,10,1,0
3.7,0,0.6,10,0,1890
3.6,0,0.6,10,0,1617
4.7,0,0.6,10,0,1720
7.6,0,0.6,10,0,1877
5.9,0,0.7,10,0,2847
4,0,1.3,10,0,2910
-1.8,0,0.9,10,0,1268
-2.2,0,0.6,10,0,1487
5.1,0,0.9,11,0,1407
8.2,0,0.6,11,0,1346
6.1,0,1.2,11,0,1486
0.8,0,0.9,11,0,2724
-2,0,0.5,11,0,2929
-0.8,0,0.6,11,0,1258
2.7,0,0.6,11,0,1622
3.1,0.5,1.1,11,0,1492
-0.6,0,0.6,11,0,1507
0.3,3.5,1.7,11,0,1402
-1.3,0,1.2,11,0,2816
-3.6,0,0.7,11,0,3329
-0.9,0,1.1,11,1,0
-0.9,0,1.1,11,0,1602
-0.9,0,1.1,11,0,1591
-4.3,0,0.9,11,0,1754
-5.2,0.5,0.6,11,0,1450
-4.8,0,1.9,11,0,2891
-6.9,0,1,11,0,3026
-4.6,0,1.1,11,0,1241
-6.1,0,0.7,11,0,1531
-3.7,0,1.2,11,0,1502
-5.1,2.5,1.1,11,0,1550
-2.9,5,0.9,11,0,1407
-3.9,0,2.2,11,0,2752
-2.2,4,1.5,11,0,3363
-1.9,0,0.7,11,1,0
-1.9,0,0.7,11,0,1644
0.1,0,1.5,11,0,1607
-4.8,0,1.4,11,0,1306
-8.4,0,1,12,0,1454
-5.3,0,0.5,12,0,2841
-3.6,0,0.7,12,0,3248
-2.7,0,1.7,12,0,1192
-8.8,0,1.3,12,0,1562
-6,3,0.7,12,0,1305
-1.1,6.5,1.2,12,0,1453
-4.5,0,1.4,12,0,1450
-2.5,0,0.6,12,0,2771
-3.1,1,1.4,12,0,3366
-12.4,0,1.1,12,1,0
-12.4,0,1.1,12,0,1566
-12.3,0,1,12,0,1600
-13.4,0,0.8,12,0,1429
-10.2,0,0.6,12,0,1423
-5.8,0,1.7,12,0,2354
-11.9,0,0.9,12,0,3031
-9,0,1.3,12,0,1141
-8.8,0,1.2,12,0,1415
-11,2,0.9,12,0,1340
-6.9,0,0.5,12,0,1269
-7.3,0,0.6,12,0,1306
-3.1,0,0.5,12,0,2317
0.2,16,1,12,0,2389
-5.4,0,1.3,12,1,0
-5.4,0,1.3,12,0,1636
-11.3,0,0.8,12,0,1599
-8.2,0,0.5,12,0,1656
-1.7,0,0.5,12,0,1689
-2.5,0.5,0.8,12,0,2745
-4.9,0.5,1.2,12,0,3024
-7.1,0,0.6,1,1,0
-7.1,0,0.6,1,0,2357
-8,0,1,1,0,2200
-7.4,0,0.7,1,0,2091
-5.7,0,1,1,0,1944
-8.3,0,0.7,1,0,3270
-9.6,0,0.5,1,0,3457
-5.1,2.5,1.8,1,1,0
-5.1,2.5,1.8,1,0,2069
-11.4,4.5,1.2,1,0,1684
-14.7,0,1.1,1,0,1879
-16.2,0,1.1,1,0,1894
-7.7,0,0.6,1,0,2897
-9.9,0,0.5,1,0,3506
-2.3,0,0.8,1,0,1927
-2.3,1,0.7,1,0,2383
1.1,5,0.7,1,0,2552
-2.6,0,0.7,1,0,2297
-5.5,0,0.5,1,0,2195
-6.9,0,0.6,1,0,3294
-6.2,0,0.4,1,0,3151
-11,0,2.3,1,1,0
-11,0,2.3,1,0,2448
-14.9,0,1.9,1,0,2028
-16.6,0,1.5,1,0,2039
-16.1,0,1.6,1,0,1976
-17.7,0,0.9,1,0,3061
-7.8,0,1.2,1,0,3812
-11.2,0,1.3,1,0,1818
-14.2,0,1,1,0,2109
-6.4,0,1.1,1,0,2193
-10.1,0,1,2,0,2311
-11.8,0,0.7,2,0,2182
-7.7,0,2.1,2,0,3167
-12.3,0,1.6,2,0,3399
-14.9,0,1.5,2,0,1653
-15.6,0,1.6,2,0,2267
-16.4,0,0.9,2,0,2059
-14.1,0,0.8,2,0,2103
-9.4,0,1,2,0,2134
-5.9,0,1.5,2,0,3032
-10.6,0,1.8,2,0,3547
-12.2,0,1.6,2,1,0
-12.2,0,1.6,2,0,2546
-2.1,0,1.9,2,0,2154
-5.7,0,0.7,2,1,0
-5.7,0,0.7,2,1,0
-5.7,0,0.7,2,1,0
-5.7,0,0.7,2,0,3378
-6.5,0,0.7,2,0,2156
-6.1,0,1.1,2,0,2301
-7.7,0,1.2,2,0,2135
-9.8,0,1.2,2,0,2364
-2.5,0,2.4,2,0,1941
-1.8,0,1.7,2,0,2943
-4.6,0,0.8,2,0,3263
-5.4,0,0.9,2,1,0
-5.4,0,0.9,2,0,2647
0.9,32,2.3,2,0,1974
-7,0,1.1,3,1,0
-7,0,1.1,3,0,1857
-3.9,0,1,3,0,3665
6.8,14,1,3,0,4004
0.4,13.5,3.1,3,0,1253
-2.5,0,0.9,3,0,1745
-0.2,3,2.4,3,0,1601
0.1,8.5,1.3,3,0,1397
-1.6,0,0.8,3,0,1601
-3.3,0,1.2,3,0,3520
0.3,0,0.9,3,0,4238
-0.9,0,1.8,3,1,0
-0.9,0,1.8,3,0,1981
3.9,0,1.4,3,0,1894
10.3,8,0.9,3,0,1334
-0.1,0.5,2.9,3,0,1636
-2.1,0,1.1,3,0,3580
0.7,8,0.6,3,0,3841
5.7,18,2.5,3,0,1432
3.1,0,4.5,3,0,1922
-0.5,2,2.7,3,0,1522
0.4,0,1.3,3,0,1805
-3.4,0,1.2,3,0,1934
-0.7,0,1.4,3,0,3726
2.9,0,1.4,3,0,3968
2.7,0,1.9,3,1,0
2.7,0,1.9,3,0,2169
4.8,0,1.7,3,0,1706
8.3,0,0.9,3,0,1598
7.5,0,1.3,3,0,1882
6.3,0,1.2,3,0,3274
7.3,0,1.2,4,0,3674
8.4,0,1.5,4,0,1561
10.3,0,1.2,4,0,1933
9.2,15.5,2.3,4,0,1742
7.3,16,1.9,4,0,1621
3.2,17,2.4,4,0,1889
2.5,0,3.2,4,0,3443
-1.1,0,2.5,4,0,4157
2.5,4,2.8,4,1,0
2.5,4,2.8,4,0,2170
7,17,2.4,4,0,1937
2.9,0,1.5,4,0,1719
2.6,0,2,4,0,1944
7.2,34,1.8,4,0,3493
4.1,0,2.1,4,0,4041
0.9,0,0.9,4,0,345
5.6,0,1,4,0,1935
3.3,0,1.2,4,0,1866
1.8,0,1.3,4,0,1732
6.2,0,1,4,0,1814
7.3,0,1.3,4,0,3625
10.5,3.5,1.3,4,0,4108
7.9,6,2,4,1,0
7.9,6,2,4,0,2100
2.7,0,0.7,4,0,1973
4.1,0,1.1,4,0,1773
6.1,0,1.1,4,0,1957
6.9,0,1.3,4,0,2787
2.9,0,1.2,4,0,3658
10.4,0,1.2,4,0,1746
15.4,0,1,5,0,3183
11.1,5.5,1.7,5,0,1853
6.4,0,2.9,5,0,1638
7.1,0,3.1,5,0,1886
14.4,18,1.1,5,1,0
14.4,18,1.1,5,0,2721
11.7,0,2.6,5,1,0
11.7,0,2.6,5,0,2009
6.4,0,1.2,5,0,3392
7.5,0,1.1,5,0,1867
9.6,0,1.3,5,0,1891
12,23,0.9,5,0,3035
13.2,2,1.4,5,0,3895
12.4,0,0.6,5,1,0
12.4,0,0.6,5,0,2206
21.8,0,1.9,5,0,1768
23.5,0,1.4,5,0,1739
15.3,10.5,2.3,5,0,1814
12.5,0,3.3,5,0,2941
8.3,0,2.8,5,0,3570
9.6,0,2,5,0,2415
10.7,17,1.4,5,1,0
10.7,17,1.4,5,0,1927
7.8,0,1.3,5,0,1756
8.3,0,0.8,5,0,1877
9.3,0,0.9,5,0,3343
14.3,0,0.7,5,0,3923
16.7,0,1.1,5,1,0
16.7,0,1.1,5,0,2030
17.1,0,1.5,5,0,2097
12.1,0,1.2,5,0,1847
13.2,0,0.9,6,0,1888
12.1,0,1,6,0,3346
11.8,0,0.8,6,0,3698
14.4,0,0.9,6,0,1485
17.4,0,1,6,0,1844
18.8,0,0.9,6,1,0
18.8,0,0.9,6,0,2029
17.2,0,1,6,0,1928
15.1,1.5,2,6,0,3746
16.2,0,2.6,6,0,4412
16.6,1,1,6,1,0
16.6,1,1,6,0,2013
18.6,0,2.1,6,1,0
18.6,0,2.1,6,0,1914
18,0,3.1,6,0,2040
12.8,0,1.6,6,0,3686
14.7,0,0.9,6,0,4432
18.3,0,1,6,0,1609
16.8,1.5,0.6,6,0,1795
17.4,0,1.1,6,0,1824
15.9,0,1.2,6,0,1906
14,0,1,6,0,2061
17.3,0,1.5,6,0,3457
16.8,0,1.2,6,0,4049
20,49,1.6,6,1,0
20,49,1.6,6,0,1903
21.6,9,2,6,0,1814
21.6,1.5,1.1,6,0,1849
19.1,1,1.2,6,0,1897
21.8,29.5,0.9,6,0,3591
20.1,151,1.2,7,0,3619
20.7,77.5,1.2,7,0,1568
21.6,0,1.9,7,0,2091
22.1,1,1.3,7,0,2091
22.8,21.5,1,7,0,1895
21.2,5,1.2,7,0,1832
17.7,0,2.3,7,0,3163
16.3,0,1.9,7,0,3746
20.4,0,1.1,7,1,0
20.4,0,1.1,7,0,2264
23.2,1,0.7,7,0,2262
23.8,0,1,7,0,2119
24.4,0,0.9,7,0,2206
24,0,1.1,7,0,3832
22.6,0,0.8,7,0,4409
23,0,0.7,7,0,2141
22.4,0,0.4,7,0,2368
22.3,0,0,7,0,2355
22.6,0,0.8,7,0,2337
21.3,0,0.6,7,0,2330
23.1,0,0.7,7,0,4333
22.4,1,0.6,7,0,5449
23.6,0,0.9,7,1,0
23.6,0,0.9,7,0,4470
25.6,0,1.3,7,0,3824
23.8,0,0.9,7,0,3570
24,0,0.9,7,0,3550
24.1,2.5,0.9,7,0,4403
23.5,0,2.2,7,0,4933
23,0,1.4,7,0,4107
22.6,0,1.5,7,0,4222
23.2,0,0.9,8,0,4552
24.1,0,1.3,8,0,4414
24.4,0,1,8,0,4417
25.1,0,1,8,0,5018
24.3,0,1,8,0,5139
25,0,1,8,0,3294
24.9,0,0.9,8,0,3954
25.5,0,1,8,0,3851
24,0,1,8,0,3332
26.3,0,1.2,8,0,3335
25.5,0,1.7,8,0,4164
23.7,1,1.1,8,0,4926
25.1,0,1.1,8,1,0
25.1,0,1.1,8,0,4028
24,0,2.2,8,1,0
24,0,2.2,8,0,3925
22.3,0,3.3,8,0,2741
17,0,1.3,8,0,4038
18.1,0,0.9,8,0,4273
21.8,0,1.5,8,0,2071
23.7,0,1.5,8,0,2348
21.4,0,1.7,8,0,2095
25.2,1,3.4,8,0,1519
23.1,32,2.3,8,0,2380
21.1,0,0.8,8,0,3699
19.7,45,1,8,0,3860
23.6,100,0.9,8,1,0
23.6,100,0.9,8,0,1939
23.1,0,1.1,8,0,1797
23.6,55.5,1.2,8,0,1677
19,42,1,8,0,1691
20.1,0,2.2,9,0,3566
17,0,1.2,9,0,3850
22.1,139.5,1.1,9,0,1497
20.3,7.5,1.3,9,0,1845
16.8,0,1.3,9,0,1913
17.1,1,1,9,0,1685
16.1,8.5,1.2,9,0,1823
12.3,0,1.1,9,0,3213
13.2,0,0.7,9,0,3752
13.1,0,1.9,9,1,0
13.1,0,1.9,9,0,1998
12.6,0,1,9,0,1782
18,0,0.9,9,0,1657
17.9,3.5,1.4,9,0,1552
20.6,0,0.7,9,0,3112
19.7,0,0.4,9,0,3597
16.2,0,0.8,9,0,1416
14.2,0,0.9,9,0,1722
14.2,0,0.7,9,0,1693
17.6,0,1.6,9,0,1499
17.7,45,1.1,9,0,1555
13.6,0,1.1,9,0,2764
9.3,0,0.9,9,1,0
9.3,0,0.9,9,1,0
9.3,0,0.9,9,1,0
9.3,0,0.9,9,1,0
9.3,0,0.9,9,0,2302
9.6,0,0.5,9,0,1840
10.5,0,1.1,9,0,3471
11.6,0,1.2,9,0,4096
9.8,3.5,1.8,10,0,1586
8.3,0,0.8,10,0,1820
9.2,0,1.8,10,1,0
9.2,0,1.8,10,0,1975
15.4,54.5,2.2,10,0,1399
15.9,35.5,2.9,10,0,3004
9,0,0.9,10,0,3434
5.5,0.5,1.6,10,1,0
5.5,0.5,1.6,10,1,0
5.5,0.5,1.6,10,0,2023
3.5,0,1,10,0,1810
2.6,0,0.7,10,0,1725
2.5,0,0.7,10,0,2819
4,0,0.7,10,0,3441
5.4,0,0.5,10,0,1430
7.6,0,0.5,10,0,1521
4.6,0,0.7,10,0,1550
2.4,0,1.4,10,0,1616
3.4,0,0.9,10,0,1809
3,0,0.6,10,0,2902
1.9,0,0.6,10,0,2995
5.2,0.5,0.8,10,1,0
5.2,0.5,0.8,10,0,1693
4.9,0,0.7,10,0,1738
3.5,0,0.6,10,0,1628
7.4,14,0.8,10,0,1854
2.9,0.5,1.7,10,0,3105
2.4,14,1.3,10,0,2742
3.5,0,1.1,10,0,1386
-0.6,0,1,10,0,1619
1.2,0,0.9,10,0,1638
-1.4,0,0.6,11,0,1387
-1.1,0,0.6,11,0,1613
-0.2,0,0.5,11,0,2372
0.2,0,0.5,11,0,2950
1.1,0,0.5,11,0,1209
3,0,0.6,11,0,1528
8.9,0.5,0.3,11,0,1268
11.3,48,1.6,11,0,1333
5.4,0.5,1.8,11,0,1531
4,0,0.9,11,0,2687
3.8,0,0.5,11,0,3068
-0.2,0,0.5,11,1,0
-0.2,0,0.5,11,0,1649
0.4,0,0.5,11,0,1518
0.1,0,0.5,11,0,1708
3.3,0,0.6,11,0,1416
-0.9,0,0.8,11,0,2536
-2.1,0,0.4,11,0,3126
0.5,0,0.7,11,0,1164
-2.9,0,0.6,11,0,1695
-1.1,0,1.4,11,0,1344
-3.5,0,1.1,11,0,1384
-5.3,0,0.8,11,0,1388
-2.7,5,0.9,11,0,2360
0.7,0,0.7,11,0,2973
-2.5,0,0.6,11,1,0
-2.5,0,0.6,11,0,1486
-2,0,0.6,11,0,1243
-3.4,0,0.6,11,0,1289
-2.4,0,0.6,11,0,1249
-1.7,0,0.7,12,0,2637
-2.2,0,0.5,12,0,3123
6.2,9.5,0.5,12,0,1039
3.2,12.5,1.3,12,0,1500
-3.4,0,1.2,12,0,1423
-0.2,1,0.9,12,0,1335
-7.2,0,2.4,12,0,1377
-10.6,0,1.2,12,0,2605
-11.6,0,1.1,12,0,3135
-6,0.5,0.4,12,1,0
-6,0.5,0.4,12,0,1549
-8.1,0,0.7,12,0,1554
-8.4,0,1.3,12,0,1451
-8.9,0,0.9,12,0,1484
-10.9,0,0.6,12,0,2337
-6.4,0,0.6,12,0,2974
-3.3,0,1.1,12,0,1310
-5.2,0,0.7,12,0,1675
-2.5,0,1,12,0,1499
-3.3,0,0.5,12,0,1371
-5.3,0,0.5,12,0,1313
-2,0,0.6,12,0,2342
-2.5,0,1.3,12,0,3030
-1.8,0,1.4,12,1,0
-1.8,0,1.4,12,1,0
-1.8,0,1.4,12,0,2093
-8.5,0,2,12,0,1621
-13,0,1.5,12,0,1615
-13.3,0,1,12,0,2667
-12.9,0,0.7,12,0,2938
-13.8,0,0.7,12,0,2070
-11.1,0,0.7,1,1,0
-11.1,0,0.7,1,0,2295
-11.5,0,0.6,1,0,2109
-11.2,0,0.5,1,0,2007
-8.6,0,0.9,1,0,3166
-9.9,0,0.7,1,0,3887
-10.3,0,0.7,1,0,1961
-8,0,1.3,1,0,2146
-11.9,0,0.8,1,0,2232
-6.3,0,0.6,1,0,2179
-5.2,0,0.8,1,0,2431
-1.2,0,0.9,1,0,2770
-6.1,0,0.7,1,0,3698
-5.3,0,1.4,1,1,0
-5.3,0,1.4,1,0,2571
-10.1,0,0.9,1,0,2722
-6.1,0,1.2,1,0,2620
-7.8,0,0.7,1,0,2168
-5.5,0,0.5,1,0,2999
-4.5,0,1.7,1,0,3844
-9.5,0,1.4,1,0,2214
-5.6,0,1,1,0,2718
-5.7,0,0.9,1,0,2392
-9.4,0,0.8,1,0,2479
-8.2,0,1.3,1,0,2152
-9.4,0,1.2,1,0,2954
-11.3,0,1,1,0,3509
-10.1,0,0.8,1,1,0
-10.1,0,0.8,1,0,2839
-7.3,0,0.9,1,0,2332
-5.7,0,1.3,1,0,2176
-9.8,0,1.1,2,0,2255
-8.2,0,0.6,2,0,2682
1.6,13.5,1.2,2,0,2230
-5.6,0,1.6,2,1,0
-5.6,0,1.6,2,1,0
-5.6,0,1.6,2,1,0
-5.6,0,1.6,2,0,2672
-7.7,0,1.9,2,0,2567
-6.5,0,1.7,2,0,3614
-8.9,0,1.1,2,0,4145
-8.6,0,0.8,2,1,0
-8.6,0,0.8,2,0,2796
-7.2,0,1.2,2,0,2391
-5.3,0,0.8,2,0,2466
-2.5,0,1.2,2,0,2010
-6.3,0,1.7,2,0,2725
-9.5,0,1,2,0,3466
-7.6,0,0.7,2,0,2024
-2,9.5,0.7,2,0,2016
-3,0,0.7,2,0,2160
-5.6,0,0.7,2,0,2035
-3.7,0,0.7,2,0,1940
-4.3,0,0.9,2,0,3072
-3.9,0,1,2,0,3534
-6,0,0.9,2,1,0
-6,0,0.9,2,0,2965
1.3,0,0.7,2,0,2410
-2.1,0,0.8,2,0,2364
-4.3,0,0.7,3,1,0
-4.3,0,0.7,3,0,3576
-2.3,0,0.7,3,0,3277
1.7,0,0.9,3,0,1513
-1.1,0,0.9,3,0,1457
2.3,0,1.3,3,0,1468
0.4,0,1.2,3,0,1608
-4,0,1,3,0,1828
-4.5,0,0.8,3,0,3573
0.1,0,1.1,3,0,3660
-0.7,0.5,2.2,3,1,0
-0.7,0.5,2.2,3,0,1640
-3.9,0,2,3,0,1598
-5.5,0,1.8,3,0,1607
1,0.5,2.4,3,0,1645
1.6,0,1.5,3,0,3401
-0.7,0,1.1,3,0,4168
-4.2,0,0.9,3,0,1378
-2,0,1.1,3,0,1751
2.9,16,0.7,3,0,1590
1.6,0.5,2.6,3,0,1732
-1.2,0,1.3,3,0,1646
-3.5,4,1.8,3,0,3203
-4,0,1.7,3,0,4266
-0.1,0,1,3,1,0
-0.1,0,1,3,0,2146
4.5,0,3.8,3,0,1745
5.4,0,1.3,3,0,1767
3.5,0,1.5,3,0,1863
3.3,2.5,2.2,3,0,3170
1,0,2.5,3,0,3909
-2.5,0,1.5,4,0,1671
-4.3,0,1.5,4,0,2068
-3.2,0,1.5,4,0,1836
-3,0,1.9,4,0,1797
2.6,0,2.4,4,0,1901
-0.3,0,1.1,4,0,2994
5.6,0,1.1,4,0,3640
5.1,41,3.3,4,1,0
5.1,41,3.3,4,0,2036
5.2,8,2.2,4,0,1813
1.2,0,0.9,4,0,1618
1.8,0,1.1,4,0,2013
1.2,0,1.2,4,0,3372
4.8,0.5,1.5,4,0,3974
-0.5,0,1.3,4,0,1588
0.3,0,1.1,4,0,1965
6.5,0,1.2,4,0,1918
6.1,0,1.9,4,0,1946
10,0,1.7,4,0,1923
10.1,0,1.3,4,0,3285
12.9,0,0.9,4,0,3918
12.8,7,0.7,4,1,0
12.8,7,0.7,4,0,1856
14.9,21,0.7,4,0,1684
10.8,9,1,4,0,1641
8.2,2.5,1.7,4,0,1746
2.8,0,1,4,0,3085
7.6,1,0.9,4,0,3175
5.6,10.5,1,4,0,1582
7.6,0,1,4,0,1838
7.9,0,1.4,5,0,2623
5.6,0,1.5,5,0,1602
4.1,0,1.1,5,0,1933
6.6,0,1,5,0,2427
8.4,0,1,5,0,2945
1.8,0,1.3,5,1,0
1.8,0,1.3,5,0,1607
3.1,0,1.4,5,0,1532
7.9,0,1.2,5,0,1704
3.9,0,0.8,5,0,1684
7.7,0,1.1,5,0,2849
9.3,0,0.9,5,0,3486
11.3,0,1,5,1,0
11.3,0,1,5,0,2123
12.6,0,0.9,5,0,2043
13.5,0,0.8,5,0,1814
15.2,0,1,5,0,1742
15.4,17.5,2.5,5,0,2773
17.2,2.5,1.3,5,0,3490
8.8,9,2,5,0,407
6.5,0,2,5,0,1459
7.6,0,1.8,5,0,1683
11.2,0,1.4,5,0,1693
12,0,1.4,5,0,2141
13.8,0,0.9,5,0,3196
13.5,0,1.6,5,0,3567
9.6,0,1.3,5,1,0
9.6,0,1.3,5,0,2110
8.4,0,1.5,5,0,1848
9.4,0.5,1.1,5,0,1725
12.6,0.5,1.6,5,0,1989
9.1,0,0.8,6,0,2882
11.6,0,0.9,6,0,3389
11.1,0,0.9,6,0,1743
14,0,1.2,6,0,1911
15.5,0,1.2,6,0,1951
16.1,38.5,1.8,6,1,0
16.1,38.5,1.8,6,0,2929
14.2,0,1,6,0,3525
16.9,10,1.1,6,0,3807
13.8,0,0.9,6,1,0
13.8,0,0.9,6,0,2117
13.3,0,0.9,6,0,1966
13.4,0,0.9,6,0,1953
16.7,0,0.9,6,0,1927
13.9,0,1.3,6,0,3121
13.8,0,1,6,0,3633
15.3,0,1.3,6,0,1537
14.7,0,0.9,6,0,1850
17.6,0,0.7,6,0,1817
16.9,0,0.9,6,0,1601
19.7,0,1,6,0,1681
17.2,0,1,6,0,3142
16.5,0,1.3,6,0,4092
15.5,0,0.9,6,1,0
15.5,0,0.9,6,0,2011
17.6,1.5,1,6,0,1765
20.2,1,0.8,6,0,1674
21.4,0,1.5,6,0,1948
20.4,13,0.9,6,0,2933
19.6,0,1.1,6,0,3697
17.3,0,1.1,7,0,1692
14.6,0,1.2,7,0,2055
17.6,0,0.7,7,0,1943
16.2,0,1,7,0,1863
16.9,0,1,7,0,1721
16.4,0,1.7,7,0,2735
19.2,0,2,7,0,3572
16.5,0,1.8,7,1,0
16.5,0,1.8,7,0,2285
19.3,15.5,2.3,7,0,1800
19.3,8.5,1.3,7,0,1865
18.8,0,1.4,7,0,1924
18.7,0,0.7,7,0,3205
18.7,0,0.6,7,0,4036
19.7,33.5,0.7,7,0,1053
19.2,0.5,0.8,7,0,2144
20.8,0,0.9,7,0,2099
22.3,2.5,0.9,7,0,1991
22.2,0,1.1,7,0,2100
23.5,21.5,2.8,7,0,2812
22.3,19.5,1.6,7,0,4123
24.9,0,0.9,7,1,0
24.9,0,0.9,7,0,3700
25.2,0,0.8,7,0,3152
25,38.5,0.5,7,0,2457
24.7,11.5,0.5,7,0,2873
24.2,38,0.7,7,0,3647
24.6,19,0.9,7,0,3909
